start,end,Date,Site_name,point,_point_latitude,_point_longitude,_point_altitude,_point_precision,Collector,Recorder,Collecting_method,Photo,Photo_URL,Aggregate_description,Screen_size,Burning,Bone,Microfauna,Pebbles,Small_platforms,Small_debris,Tiny_platforms,Tiny_debris,Core_count,Tool_count,Recycling_indications,Recycling_description,Number_recycled_objects,Weathering_class,Number_strongly_weathered_objects,Number_mildly_weathered_objects,Number_weakly_weathered_objects,Number_unweathered_objects,Weathering_description,Count,Weight,Problem,Problem_notes,Tool_count,Core_count,Notes,reach-view-num,Date_recorded,Aggregate_photo,Aggregate_photo_URL,_id,_uuid,_submission_time,_validation_status,_notes,_status,_submitted_by,_tags,_index
2022-07-25T01:54:52Z,2022-07-25T02:06:01Z,NA,Semizbugu survey,47.14188818666667 77.83506683 667.18603515625 0.0,47.14188819,77.83506683,667.1860352,0,NA,Emily Coco,observed,1658714232617.jpg,https://kc.kobotoolbox.org/media/original?media_file=ec3307%2Fattachments%2F93c9a22ec65942c888b25e0a7876fee8%2Fb460c06e-eb4a-4e3d-add8-59509126534e%2F1658714232617.jpg,1 meter radius circle,NA,FALSE,FALSE,FALSE,TRUE,1,3,NA,NA,NA,NA,double_patina,1- tool with less weathered retouch,1,other,NA,3,1,NA,"3-mildly, 1-weakly",4,88.48,FALSE,NA,2,,"2504
2-denticulates
0- cortex",2504,2022-07-25T01:54:00Z,NA,NA,173115600,b460c06e-eb4a-4e3d-add8-59509126534e,2022-08-01T04:55:06Z,NA,NA,submitted_via_web,ec3307,NA,1
2022-07-25T02:11:38Z,2022-07-25T02:14:25Z,NA,Semizbugu survey,47.141938446666664 77.83478670833334 665.0339965820312 0.0,47.14193845,77.83478671,665.0339966,0,NA,Emily Coco,observed,1658715154906.jpg,https://kc.kobotoolbox.org/media/original?media_file=ec3307%2Fattachments%2F93c9a22ec65942c888b25e0a7876fee8%2Fde0d87ba-5655-48d0-8620-ba76853db582%2F1658715154906.jpg,1 meter Circle,NA,FALSE,FALSE,FALSE,TRUE,NA,1,NA,NA,NA,NA,none,NA,NA,other,1,NA,NA,NA,1-strongly,1,16.32,FALSE,NA,1,,"2505
1- scraper",2505,2022-07-25T02:11:00Z,NA,NA,173115608,de0d87ba-5655-48d0-8620-ba76853db582,2022-08-01T04:55:12Z,NA,NA,submitted_via_web,ec3307,NA,2
2022-07-25T02:16:24Z,2022-07-25T02:20:19Z,NA,Semizbugu survey,47.141989556666665 77.83449129166667 662.64599609375 0.0,47.14198956,77.83449129,662.6459961,0,NA,Emily Coco,observed,1658715464909.jpg,https://kc.kobotoolbox.org/media/original?media_file=ec3307%2Fattachments%2F93c9a22ec65942c888b25e0a7876fee8%2Fb627fc76-9fa6-4778-845b-9dc04081d33c%2F1658715464909.jpg,1 meter circle,NA,FALSE,FALSE,TRUE,TRUE,1,2,NA,NA,NA,NA,double_patina,1- artifact with less weathered retouch,1,other,3,NA,NA,NA,3- Strongly,3,40.51,NA,NA,2,,"2506
2-notches
O- cortex",2506,2022-07-25T02:16:00Z,NA,NA,173115654,b627fc76-9fa6-4778-845b-9dc04081d33c,2022-08-01T04:55:23Z,NA,NA,submitted_via_web,ec3307,NA,3
2022-07-25T02:29:13Z,2022-07-25T02:32:13Z,NA,Semizbugu survey,47.14205902333333 77.83422563666667 660.3510131835938 0.0,47.14205902,77.83422564,660.3510132,0,NA,Emily Coco,observed,1658716245816.jpg,https://kc.kobotoolbox.org/media/original?media_file=ec3307%2Fattachments%2F93c9a22ec65942c888b25e0a7876fee8%2F15c6c45a-b633-4cae-9f3d-62abb2ac5f40%2F1658716245816.jpg,1 meter circle,NA,FALSE,FALSE,FALSE,TRUE,NA,1,NA,NA,NA,NA,none,NA,NA,strongly_weathered,1,NA,NA,NA,1 -strongly,1,7.36,FALSE,NA,,,2507,2507,2022-07-25T02:29:00Z,NA,NA,173115664,15c6c45a-b633-4cae-9f3d-62abb2ac5f40,2022-08-01T04:55:30Z,NA,NA,submitted_via_web,ec3307,NA,4
2022-07-25T02:37:31Z,2022-07-25T02:43:07Z,NA,Semizbug u survey,47.14212210666667 77.83398376833334 658.3270263671875 0.0,47.14212211,77.83398377,658.3270264,0,NA,Emily Coco,observed,1658716737039.jpg,https://kc.kobotoolbox.org/media/original?media_file=ec3307%2Fattachments%2F93c9a22ec65942c888b25e0a7876fee8%2F1c5a79ba-37f9-454a-a9b9-9031c2682dc6%2F1658716737039.jpg,1 meter circle,NA,FALSE,FALSE,FALSE,TRUE,3,2,NA,NA,NA,NA,double_patina,2- tools with less weathered retouch,2,other,NA,4,NA,NA,"4-mildly
1-strongly",5,378.03,NA,NA,3,,"2508
3- denticulates
25- total cortex",2508,2022-07-25T02:37:00Z,NA,NA,173115671,1c5a79ba-37f9-454a-a9b9-9031c2682dc6,2022-08-01T04:55:41Z,NA,NA,submitted_via_web,ec3307,NA,5
2022-07-25T02:45:01Z,2022-07-25T02:47:06Z,NA,Semizbugu survey,47.14217226833333 77.83371029166666 656.1849975585938 0.0,47.14217227,77.83371029,656.1849976,0,NA,Emily Coco,observed,1658717188786.jpg,https://kc.kobotoolbox.org/media/original?media_file=ec3307%2Fattachments%2F93c9a22ec65942c888b25e0a7876fee8%2F09b7c1de-b8a2-4e39-b2aa-17c9be9cd4ad%2F1658717188786.jpg,1 meter circle,NA,FALSE,FALSE,FALSE,TRUE,0,0,NA,NA,NA,NA,none,NA,NA,other,NA,NA,NA,NA,no artifacts,0,0,FALSE,NA,,,2509,2509,2022-07-25T02:45:00Z,NA,NA,173115677,09b7c1de-b8a2-4e39-b2aa-17c9be9cd4ad,2022-08-01T04:55:45Z,NA,NA,submitted_via_web,ec3307,NA,6
2022-07-25T02:54:26Z,2022-07-25T02:59:28Z,NA,Semizbugu survey,47.142207291666665 77.83343288 654.5159912109375 0.0,47.14220729,77.83343288,654.5159912,0,NA,Emily Coco,observed,1658717779309.jpg,https://kc.kobotoolbox.org/media/original?media_file=ec3307%2Fattachments%2F93c9a22ec65942c888b25e0a7876fee8%2F23392870-5284-4e4c-841f-07766159e17d%2F1658717779309.jpg,1 meter radius circle,NA,FALSE,FALSE,FALSE,TRUE,0,3,NA,NA,NA,NA,double_patina,1- tools with less weathered retouch,1,other,2,NA,NA,NA,"2-strongly
1- weakly",3,32.01,FALSE,NA,2,,"2510
1 -denticulate 
1-scraper",2510,2022-07-25T02:54:00Z,NA,NA,173115689,23392870-5284-4e4c-841f-07766159e17d,2022-08-01T04:55:52Z,NA,NA,submitted_via_web,ec3307,NA,7
2022-07-25T03:01:53Z,2022-07-25T03:03:47Z,NA,Semizbugu survey,47.14223801333333 77.83315325666666 653.1849975585938 0.0,47.14223801,77.83315326,653.1849976,0,NA,Emily Coco,observed,1658718192950.jpg,https://kc.kobotoolbox.org/media/original?media_file=ec3307%2Fattachments%2F93c9a22ec65942c888b25e0a7876fee8%2F1167fcd1-015e-4f72-a929-b28681892ad4%2F1658718192950.jpg,1 meter radius circle,NA,FALSE,FALSE,FALSE,FALSE,0,NA,NA,NA,NA,NA,none,NA,NA,other,NA,NA,NA,NA,No artifacts,0,0,FALSE,NA,,,2511,2511,2022-07-25T03:01:00Z,NA,NA,173115704,1167fcd1-015e-4f72-a929-b28681892ad4,2022-08-01T04:56:12Z,NA,NA,submitted_via_web,ec3307,NA,8
2022-07-25T03:05:54Z,2022-07-25T03:10:01Z,NA,Semizbugu survey,47.14226256166667 77.832883485 652.02099609375 0.0,47.14226256,77.83288349,652.0209961,0,NA,Emily Coco,observed,1658718387626.jpg,https://kc.kobotoolbox.org/media/original?media_file=ec3307%2Fattachments%2F93c9a22ec65942c888b25e0a7876fee8%2Fef15a33d-c33f-48a3-90f9-193d12e45da8%2F1658718387626.jpg,1 meter radius Circle,NA,FALSE,FALSE,FALSE,TRUE,1,1,NA,NA,NA,NA,none,NA,NA,other,2,NA,NA,NA,2- strongly,2,70.55,FALSE,NA,2,,"2512
1- denticulate
1- percoir",2512,2022-07-25T03:05:00Z,NA,NA,173115719,ef15a33d-c33f-48a3-90f9-193d12e45da8,2022-08-01T04:56:24Z,NA,NA,submitted_via_web,ec3307,NA,9
2022-07-25T03:21:31Z,2022-07-25T03:24:06Z,NA,Semizbugu survey,47.142299963333336 77.83260026833334 651.8550415039062 0.0,47.14229996,77.83260027,651.8550415,0,NA,Emily Coco,observed,1658719369694.jpg,https://kc.kobotoolbox.org/media/original?media_file=ec3307%2Fattachments%2F93c9a22ec65942c888b25e0a7876fee8%2F7bbe82ed-4e16-4a71-94f1-0d0a6ef17258%2F1658719369694.jpg,1 meter radius c ircle,NA,FALSE,FALSE,FALSE,TRUE,0,0,NA,NA,NA,NA,none,NA,NA,NA,NA,NA,NA,NA,NA,0,0,FALSE,NA,,,"2513
no artifacts despite presence of large cobbles /slabs, but different raw maternal - not as good",2513,2022-07-25T03:21:00Z,NA,NA,173115726,7bbe82ed-4e16-4a71-94f1-0d0a6ef17258,2022-08-01T04:56:30Z,NA,NA,submitted_via_web,ec3307,NA,10
2022-07-25T03:25:53Z,2022-07-25T03:28:00Z,NA,Semizbugu survey,47.142331801666664 77.832328625 650.47705078125 0.0,47.1423318,77.83232863,650.4770508,0,NA,Emily Coco,observed,1658719638506.jpg,https://kc.kobotoolbox.org/media/original?media_file=ec3307%2Fattachments%2F93c9a22ec65942c888b25e0a7876fee8%2F601bddcb-3e01-40f0-afce-6c361db976c7%2F1658719638506.jpg,1 meter radius circle,NA,NA,NA,NA,NA,NA,0,0,NA,NA,NA,none,NA,NA,other,NA,NA,NA,NA,no artifacts,0,0,FALSE,NA,,,2514,2514,2022-07-25T03:25:00Z,NA,NA,173115738,601bddcb-3e01-40f0-afce-6c361db976c7,2022-08-01T04:56:35Z,NA,NA,submitted_via_web,ec3307,NA,11
2022-07-25T03:28:52Z,2022-07-25T03:30:17Z,NA,Semizbugu survey,47.142376088333336 77.83206052666667 648.8580322265625 0.0,47.14237609,77.83206053,648.8580322,0,NA,Emily Coco,observed,1658719792874.jpg,https://kc.kobotoolbox.org/media/original?media_file=ec3307%2Fattachments%2F93c9a22ec65942c888b25e0a7876fee8%2F854f286f-bf22-4a4c-b46c-c9e150dc044a%2F1658719792874.jpg,1 meter radius circle,NA,NA,NA,NA,NA,NA,NA,NA,NA,NA,NA,none,NA,NA,NA,NA,NA,NA,NA,NA,0,0,FALSE,NA,,,2515,2515,2022-07-25T03:28:00Z,NA,NA,173115744,854f286f-bf22-4a4c-b46c-c9e150dc044a,2022-08-01T04:56:43Z,NA,NA,submitted_via_web,ec3307,NA,12
2022-07-25T04:08:30Z,2022-07-25T04:10:34Z,NA,Semizbugu survey,47.142410733333335 77.83176516333333 647.4550170898438 0.0,47.14241073,77.83176516,647.4550171,0,NA,Emily Coco,observed,1658722212795.jpg,https://kc.kobotoolbox.org/media/original?media_file=ec3307%2Fattachments%2F93c9a22ec65942c888b25e0a7876fee8%2F384671ad-57f3-4edb-9bbe-9c2258cedefd%2F1658722212795.jpg,1 meter radius circle,NA,NA,NA,NA,NA,NA,NA,NA,NA,NA,NA,NA,NA,NA,NA,NA,NA,NA,NA,NA,0,0,NA,NA,,,2516,2516,2022-07-25T04:08:00Z,NA,NA,173115779,384671ad-57f3-4edb-9bbe-9c2258cedefd,2022-08-01T04:57:07Z,NA,NA,submitted_via_web,ec3307,NA,13
2022-07-25T04:11:54Z,2022-07-25T04:15:29Z,NA,Semizbugu survey,47.14246435166667 77.831494265 645.7730102539062 0.0,47.14246435,77.83149427,645.7730103,0,NA,Emily Coco,observed,1658722398888.jpg,https://kc.kobotoolbox.org/media/original?media_file=ec3307%2Fattachments%2F93c9a22ec65942c888b25e0a7876fee8%2Fcc16b396-91f5-4b9d-9f7b-b1fe2c71f540%2F1658722398888.jpg,1 meter radius circle,NA,FALSE,FALSE,FALSE,TRUE,0,1,NA,NA,NA,NA,none,NA,NA,strongly_weathered,1,NA,NA,NA,1-strongly,1,111.55,FALSE,NA,1,,"2517
1-scraper on brown/grey material, Minimal retouch but present",2517,2022-07-25T04:11:00Z,NA,NA,173115785,cc16b396-91f5-4b9d-9f7b-b1fe2c71f540,2022-08-01T04:57:14Z,NA,NA,submitted_via_web,ec3307,NA,14
2022-07-25T04:16:45Z,2022-07-25T04:18:27Z,NA,Semizbugu survey,47.14250568333333 77.83121776833333 644.0180053710938 0.0,47.14250568,77.83121777,644.0180054,0,NA,Emily Coco,observed,1658722668361.jpg,https://kc.kobotoolbox.org/media/original?media_file=ec3307%2Fattachments%2F93c9a22ec65942c888b25e0a7876fee8%2F3612e9a3-aabb-4362-b046-0747dc2f9412%2F1658722668361.jpg,1 meter radius circle,NA,NA,NA,NA,NA,NA,NA,NA,NA,NA,NA,none,NA,NA,NA,NA,NA,NA,NA,NA,0,0,NA,NA,,,2518,2518,2022-07-25T04:16:00Z,NA,NA,173115787,3612e9a3-aabb-4362-b046-0747dc2f9412,2022-08-01T04:57:22Z,NA,NA,submitted_via_web,ec3307,NA,15
2022-07-25T04:22:26Z,2022-07-25T04:25:19Z,NA,Semizbugu survey,47.14254592166667 77.83093117166666 643.9769897460938 0.0,47.14254592,77.83093117,643.9769897,0,NA,Emily Coco,observed,1658722978057.jpg,https://kc.kobotoolbox.org/media/original?media_file=ec3307%2Fattachments%2F93c9a22ec65942c888b25e0a7876fee8%2F5ef209bd-1de1-4b58-80f5-827da7135238%2F1658722978057.jpg,1 meter radius circle,NA,NA,NA,NA,NA,NA,NA,NA,NA,NA,NA,NA,NA,NA,NA,NA,NA,NA,NA,NA,0,0,NA,NA,,,2519,2519,2022-07-25T04:22:00Z,NA,NA,173115791,5ef209bd-1de1-4b58-80f5-827da7135238,2022-08-01T04:57:27Z,NA,NA,submitted_via_web,ec3307,NA,16
2022-07-25T04:25:21Z,2022-07-25T04:27:06Z,NA,Semizbugu survey,47.14258894666666 77.83064495333333 643.6730346679688 0.0,47.14258895,77.83064495,643.6730347,0,NA,Emily Coco,observed,1658723198188.jpg,https://kc.kobotoolbox.org/media/original?media_file=ec3307%2Fattachments%2F93c9a22ec65942c888b25e0a7876fee8%2F560ceed3-9d98-4973-85a5-5e434767000e%2F1658723198188.jpg,1 meter radius circle,NA,NA,NA,NA,NA,NA,NA,NA,NA,NA,NA,NA,NA,NA,NA,NA,NA,NA,NA,NA,0,0,NA,NA,,,2520,2520,NA,NA,NA,173115793,560ceed3-9d98-4973-85a5-5e434767000e,2022-08-01T04:57:30Z,NA,NA,submitted_via_web,ec3307,NA,17
2022-07-25T04:27:28Z,2022-07-25T04:29:08Z,NA,Semizbugu survey,47.142633445 77.83035405333334 642.9240112304688 0.0,47.14263345,77.83035405,642.9240112,0,NA,Emily Coco,observed,1658723324630.jpg,https://kc.kobotoolbox.org/media/original?media_file=ec3307%2Fattachments%2F93c9a22ec65942c888b25e0a7876fee8%2F167d44b9-ffc2-4c4a-90c3-1770a628d66c%2F1658723324630.jpg,1 meter radius circle,NA,NA,NA,NA,NA,NA,NA,NA,NA,NA,NA,NA,NA,NA,NA,NA,NA,NA,NA,NA,0,0,FALSE,NA,,,2521,2521,2022-07-25T04:27:00Z,NA,NA,173115799,167d44b9-ffc2-4c4a-90c3-1770a628d66c,2022-08-01T04:57:35Z,NA,NA,submitted_via_web,ec3307,NA,18
2022-07-25T04:32:54Z,2022-07-25T04:34:19Z,NA,Semizbugu survey,47.14266297333333 77.83004036333334 641.6270141601562 0.0,47.14266297,77.83004036,641.6270142,0,NA,Emily Coco,observed,1658723633401.jpg,https://kc.kobotoolbox.org/media/original?media_file=ec3307%2Fattachments%2F93c9a22ec65942c888b25e0a7876fee8%2F1459447a-2b72-4068-80ed-82c578e12551%2F1658723633401.jpg,1 meter radius circle,NA,NA,NA,NA,NA,NA,NA,NA,NA,NA,NA,NA,NA,NA,NA,NA,NA,NA,NA,NA,0,0,FALSE,NA,,,2522,2522,2022-07-25T04:32:00Z,NA,NA,173115803,1459447a-2b72-4068-80ed-82c578e12551,2022-08-01T04:57:40Z,NA,NA,submitted_via_web,ec3307,NA,19
2022-07-25T04:35:32Z,2022-07-25T04:36:49Z,NA,Semizbugu survey,47.14267264833333 77.82972749666666 640.4729614257812 0.0,47.14267265,77.8297275,640.4729614,0,NA,Emily Coco,observed,1658723784763.jpg,https://kc.kobotoolbox.org/media/original?media_file=ec3307%2Fattachments%2F93c9a22ec65942c888b25e0a7876fee8%2Ffb721fed-2b05-46d5-a8d6-48b026f4ce4f%2F1658723784763.jpg,1 meter radius circle,NA,FALSE,FALSE,FALSE,TRUE,NA,NA,NA,NA,NA,NA,NA,NA,NA,NA,NA,NA,NA,NA,NA,0,0,FALSE,NA,,,2523,2523,2022-07-25T04:35:00Z,NA,NA,173115808,fb721fed-2b05-46d5-a8d6-48b026f4ce4f,2022-08-01T04:57:45Z,NA,NA,submitted_via_web,ec3307,NA,20
2022-07-25T04:37:54Z,2022-07-25T04:41:11Z,NA,Semizbugu survey,47.14269998333333 77.82944462333333 640.3259887695312 0.0,47.14269998,77.82944462,640.3259888,0,NA,Emily Coco,observed,1658723952627.jpg,https://kc.kobotoolbox.org/media/original?media_file=ec3307%2Fattachments%2F93c9a22ec65942c888b25e0a7876fee8%2F10f81661-4b34-4ace-bbcc-413b69ef9f82%2F1658723952627.jpg,1 meter radius circle,NA,FALSE,FALSE,FALSE,TRUE,1,NA,NA,NA,NA,NA,double_patina,"1- possible notch with less weathered (seemingly unweathered ) """" retouch""""",1,strongly_weathered,1,NA,NA,NA,1 - strongly weathered,1,29.18,TRUE,might be modern edge damage,1,,"2524
1-notch",2524,2022-07-25T04:37:00Z,NA,NA,173115815,10f81661-4b34-4ace-bbcc-413b69ef9f82,2022-08-01T04:57:49Z,NA,NA,submitted_via_web,ec3307,NA,21
2022-07-25T04:46:16Z,2022-07-25T04:49:29Z,NA,Semizbugu survey,47.142751991666664 77.82916221833334 639.3970336914062 0.0,47.14275199,77.82916222,639.3970337,0,NA,Emily Coco,observed,1658724461434.jpg,https://kc.kobotoolbox.org/media/original?media_file=ec3307%2Fattachments%2F93c9a22ec65942c888b25e0a7876fee8%2F0da74c52-58a3-4a9d-ac5e-bbfcfdc1ed3d%2F1658724461434.jpg,1 meter radius circle,NA,FALSE,FALSE,FALSE,TRUE,0,1,NA,NA,NA,NA,double_patina,1- tool with less weathered retouch,1,strongly_weathered,1,NA,NA,NA,1-strongly,1,4.59,FALSE,NA,1,,"2525
1-notch /denticulate",2525,2022-07-25T04:46:00Z,NA,NA,173115818,0da74c52-58a3-4a9d-ac5e-bbfcfdc1ed3d,2022-08-01T04:57:55Z,NA,NA,submitted_via_web,ec3307,NA,22
2022-07-25T04:57:04Z,2022-07-25T05:01:50Z,NA,Semizbugu survey,47.142775793333335 77.82902660333333 638.8310546875 0.0,47.14277579,77.8290266,638.8310547,0,NA,Emily Coco,observed,1658725115927.jpg,https://kc.kobotoolbox.org/media/original?media_file=ec3307%2Fattachments%2F93c9a22ec65942c888b25e0a7876fee8%2F151b0b7e-46e6-4f4b-b3b0-75939b11b5f0%2F1658725115927.jpg,1 meter radius circle,NA,FALSE,FALSE,FALSE,TRUE,2,3,NA,NA,NA,NA,double_patina,1- tool with less weathered retouch,1,other,4,NA,NA,NA,"4-strongly
1- weakly",5,558.75,NA,NA,3,1,"2527
1-core
3-tools
1-scraper with stemming.
2- denticulates",2527,2022-07-25T04:57:00Z,NA,NA,173115830,151b0b7e-46e6-4f4b-b3b0-75939b11b5f0,2022-08-01T04:58:08Z,NA,NA,submitted_via_web,ec3307,NA,23
2022-07-25T05:02:43Z,2022-07-25T05:04:31Z,NA,Semizbugu survey,47.14279411333333 77.82888802166667 638.4700317382812 0.0,47.14279411,77.82888802,638.4700317,0,NA,Emily Coco,observed,1658725451558.jpg,https://kc.kobotoolbox.org/media/original?media_file=ec3307%2Fattachments%2F93c9a22ec65942c888b25e0a7876fee8%2F26e8891d-6d12-45d5-a71f-b77cd9d36d8c%2F1658725451558.jpg,1 meter radius circle,NA,NA,NA,NA,NA,NA,NA,NA,NA,NA,NA,NA,NA,NA,NA,NA,NA,NA,NA,NA,0,0,FALSE,NA,,,2528,2528,2022-07-25T05:02:00Z,NA,NA,173115837,26e8891d-6d12-45d5-a71f-b77cd9d36d8c,2022-08-01T04:58:12Z,NA,NA,submitted_via_web,ec3307,NA,24
2022-07-25T05:14:51Z,2022-07-25T05:16:50Z,NA,Semizbugu survey,47.14277007333333 77.82861196666667 637.5630493164062 0.0,47.14277007,77.82861197,637.5630493,0,NA,Emily Coco,observed,1658726191267.jpg,https://kc.kobotoolbox.org/media/original?media_file=ec3307%2Fattachments%2F93c9a22ec65942c888b25e0a7876fee8%2F592e06e9-2f7c-49ad-9a4e-e5496ab64e92%2F1658726191267.jpg,1 meter radius circle -,NA,NA,NA,NA,NA,NA,NA,NA,NA,NA,NA,NA,NA,NA,NA,NA,NA,NA,NA,NA,0,0,FALSE,NA,,,2529,2529,2022-07-25T05:14:00Z,NA,NA,173115849,592e06e9-2f7c-49ad-9a4e-e5496ab64e92,2022-08-01T04:58:18Z,NA,NA,submitted_via_web,ec3307,NA,25
2022-07-25T05:19:31Z,2022-07-25T05:23:48Z,NA,Semizbugu survey,47.14270886166667 77.82829809666667 637.8469848632812 0.0,47.14270886,77.8282981,637.8469849,0,NA,Emily Coco,observed,1658726468557.jpg,https://kc.kobotoolbox.org/media/original?media_file=ec3307%2Fattachments%2F93c9a22ec65942c888b25e0a7876fee8%2F01f253ce-7817-4c77-b25d-85726c214c08%2F1658726468557.jpg,1 meter radius circle,NA,FALSE,FALSE,FALSE,TRUE,1,1,1,NA,NA,NA,double_patina,1- with multiple weathering stages,1,other,2,NA,NA,NA,"2- strongly
1-weakly",3,56.51,FALSE,NA,1,,"2530
1-notch/denticulate",2530,2022-07-25T05:19:00Z,NA,NA,173115863,01f253ce-7817-4c77-b25d-85726c214c08,2022-08-01T04:58:22Z,NA,NA,submitted_via_web,ec3307,NA,26
2022-07-25T05:26:44Z,2022-07-25T05:29:58Z,NA,Semizbugu survey,47.142654011666664 77.82799366333333 638.364990234375 0.0,47.14265401,77.82799366,638.3649902,0,NA,Emily Coco,observed,1658726849172.jpg,https://kc.kobotoolbox.org/media/original?media_file=ec3307%2Fattachments%2F93c9a22ec65942c888b25e0a7876fee8%2F0fcc62ca-2968-4469-8411-655bc1a4461d%2F1658726849172.jpg,1 meter radius circle,NA,FALSE,FALSE,FALSE,TRUE,3,1,NA,NA,NA,NA,none,NA,NA,other,NA,2,NA,NA,"2-mildly
2-weakly",4,158.82,FALSE,NA,3,,"2531
3-scrapers",2531,2022-07-25T05:26:00Z,NA,NA,173115871,0fcc62ca-2968-4469-8411-655bc1a4461d,2022-08-01T04:58:26Z,NA,NA,submitted_via_web,ec3307,NA,27
2022-07-25T05:41:25Z,2022-07-25T05:45:43Z,NA,Semizbugu survey,47.14268902166667 77.82770804666667 638.2300415039062 0.0,47.14268902,77.82770805,638.2300415,0,NA,Emily Coco,observed,1658727751150.jpg,https://kc.kobotoolbox.org/media/original?media_file=ec3307%2Fattachments%2F93c9a22ec65942c888b25e0a7876fee8%2Fda14f771-76bc-49fd-b349-71eab1f2cd4c%2F1658727751150.jpg,1 meter radius circle,NA,FALSE,FALSE,FALSE,TRUE,1,2,NA,NA,NA,NA,double_patina,"2-with less weathered retouch
1-with less weathered flakescar",2,strongly_weathered,3,NA,NA,NA,3- strongly,3,122.55,FALSE,NA,3,,"2532
2-denticulates
1 - Scraper",2532,2022-07-25T05:41:00Z,NA,NA,173115884,da14f771-76bc-49fd-b349-71eab1f2cd4c,2022-08-01T04:58:33Z,NA,NA,submitted_via_web,ec3307,NA,28
2022-07-25T05:48:52Z,2022-07-25T05:51:03Z,NA,Semizbugu survey,47.14271797666667 77.82743275 638.217041015625 0.0,47.14271798,77.82743275,638.217041,0,NA,Emily Coco,observed,1658728190416.jpg,https://kc.kobotoolbox.org/media/original?media_file=ec3307%2Fattachments%2F93c9a22ec65942c888b25e0a7876fee8%2F757c36a0-ed77-4023-adc2-929819b8431c%2F1658728190416.jpg,1 meter radius circle,NA,FALSE,FALSE,FALSE,TRUE,NA,1,NA,NA,NA,NA,none,NA,NA,strongly_weathered,1,NA,NA,NA,1-strongly,1,51.37,FALSE,NA,1,,"2533
1- percoir?",2533,2022-07-25T05:48:00Z,NA,NA,173115895,757c36a0-ed77-4023-adc2-929819b8431c,2022-08-01T04:58:36Z,NA,NA,submitted_via_web,ec3307,NA,29
2022-07-25T05:52:00Z,2022-07-25T05:59:39Z,NA,Semizbugu survey,47.14275725833333 77.82712929666667 637.697021484375 0.0,47.14275726,77.8271293,637.6970215,0,NA,Emily Coco,observed,1658728509479.jpg,https://kc.kobotoolbox.org/media/original?media_file=ec3307%2Fattachments%2F93c9a22ec65942c888b25e0a7876fee8%2Ffe3a073d-e7ed-498e-aa2a-e8f6f4d82401%2F1658728509479.jpg,1 meter radius circle,NA,FALSE,FALSE,FALSE,TRUE,5,1,NA,NA,NA,NA,double_patina,2-less weathered retouch,2,other,3,NA,NA,NA,"3-strongly 
1-mildly
2-weakly",6,521.15,FALSE,NA,2,,"2534
2-scrapers with the recycling",2534,2022-07-25T05:53:00Z,NA,NA,173115911,fe3a073d-e7ed-498e-aa2a-e8f6f4d82401,2022-08-01T04:58:39Z,NA,NA,submitted_via_web,ec3307,NA,30
2022-07-25T06:02:17Z,2022-07-25T06:06:14Z,NA,Semizbugu survey,47.142769011666665 77.82681144166666 636.9320068359375 0.0,47.14276901,77.82681144,636.9320068,0,NA,Emily Coco,observed,1658729063853.jpg,https://kc.kobotoolbox.org/media/original?media_file=ec3307%2Fattachments%2F93c9a22ec65942c888b25e0a7876fee8%2F7ef7a7ff-3df8-4245-8941-0c64ff21fd2d%2F1658729063853.jpg,1 meter radius circle,NA,FALSE,FALSE,FALSE,TRUE,1,NA,NA,NA,NA,NA,double_patina,1-with less weathered retouch,1,strongly_weathered,1,NA,NA,NA,1-strongly,1,6.61,NA,NA,1,,"2535
1- denticulate",2535,2022-07-25T06:02:00Z,NA,NA,173115923,7ef7a7ff-3df8-4245-8941-0c64ff21fd2d,2022-08-01T04:58:42Z,NA,NA,submitted_via_web,ec3307,NA,31
2022-07-25T11:27:41Z,2022-07-25T11:31:52Z,NA,Semizbugu survey,47.14292418666667 77.82617543333333 634.6640014648438 0.0,47.14292419,77.82617543,634.6640015,0,NA,Emily Coco,observed,1658748534368.jpg,https://kc.kobotoolbox.org/media/original?media_file=ec3307%2Fattachments%2F93c9a22ec65942c888b25e0a7876fee8%2Fa2de6353-48f7-481f-b371-f33ed97b8062%2F1658748534368.jpg,1 meter radius circle,NA,FALSE,FALSE,FALSE,TRUE,1,3,NA,NA,NA,NA,double_patina,1- fragment with less weathered retouch,1,other,3,NA,NA,NA,"3-strongly
1-weakly",4,143.49,FALSE,NA,2,,"2536
2-scrapers",2536,2022-07-25T11:27:00Z,NA,NA,173115938,a2de6353-48f7-481f-b371-f33ed97b8062,2022-08-01T04:58:46Z,NA,NA,submitted_via_web,ec3307,NA,32
2022-07-25T11:37:20Z,2022-07-25T11:41:25Z,NA,Semizbugu survey,47.14302156666667 77.8261111 633.9810180664062 0.0,47.14302157,77.8261111,633.9810181,0,NA,Emily Coco,observed,1658749091496.jpg,https://kc.kobotoolbox.org/media/original?media_file=ec3307%2Fattachments%2F93c9a22ec65942c888b25e0a7876fee8%2F7d772144-5b7d-4b99-add0-6fc5fa0da5da%2F1658749091496.jpg,1 meter radius circle,NA,FALSE,FALSE,FALSE,TRUE,3,NA,NA,NA,NA,NA,none,NA,NA,other,2,NA,NA,NA,"2-strongly
1-mildly",3,106.39,NA,NA,,,2537,2537,2022-07-25T11:37:00Z,NA,NA,173115954,7d772144-5b7d-4b99-add0-6fc5fa0da5da,2022-08-01T04:58:50Z,NA,NA,submitted_via_web,ec3307,NA,33
2022-07-25T11:42:51Z,2022-07-25T11:47:42Z,NA,Semizbugu survey,47.143114035 77.82603943666666 633.197021484375 0.0,47.14311404,77.82603944,633.1970215,0,NA,Emily Coco,observed,1658749512237.jpg,https://kc.kobotoolbox.org/media/original?media_file=ec3307%2Fattachments%2F93c9a22ec65942c888b25e0a7876fee8%2F5463aa03-5830-4634-8a16-e80930f9c3d2%2F1658749512237.jpg,1 meter radius circle,NA,FALSE,FALSE,FALSE,TRUE,2,2,1,NA,NA,NA,none,NA,NA,other,1,NA,NA,NA,"1-strongly
2-mildly
2-weakly",5,65.99,FALSE,NA,3,,"2538
2-scraper 
1-denticulate",2538,2022-07-25T11:42:00Z,NA,NA,173115965,5463aa03-5830-4634-8a16-e80930f9c3d2,2022-08-01T04:58:54Z,NA,NA,submitted_via_web,ec3307,NA,34
2022-07-25T11:49:24Z,2022-07-25T11:52:43Z,NA,Semizbugu survey,47.143199411666664 77.82596270166667 632.5020141601562 0.0,47.14319941,77.8259627,632.5020142,0,NA,Emily Coco,observed,1658749835145.jpg,https://kc.kobotoolbox.org/media/original?media_file=ec3307%2Fattachments%2F93c9a22ec65942c888b25e0a7876fee8%2F7e76f485-47f8-42cc-b9fe-7810b2e1c426%2F1658749835145.jpg,1 meter radius circle,NA,FALSE,FALSE,FALSE,TRUE,1,2,NA,NA,NA,NA,none,NA,NA,strongly_weathered,3,NA,NA,NA,3-strongly,3,164.43,FALSE,NA,2,,"2539
2-scraper /denticu lates",2539,2022-07-25T11:49:00Z,NA,NA,173115976,7e76f485-47f8-42cc-b9fe-7810b2e1c426,2022-08-01T04:58:57Z,NA,NA,submitted_via_web,ec3307,NA,35
2022-07-25T11:54:53Z,2022-07-25T11:56:38Z,NA,Semizbugu survey,47.143266843333336 77.82588996166666 631.9039916992188 0.0,47.14326684,77.82588996,631.9039917,0,NA,Emily Coco,observed,1658750182904.jpg,https://kc.kobotoolbox.org/media/original?media_file=ec3307%2Fattachments%2F93c9a22ec65942c888b25e0a7876fee8%2F9fa54e53-1abe-495b-a7a7-3aa9c939426a%2F1658750182904.jpg,1 meter radius circle,NA,NA,NA,NA,NA,NA,NA,NA,NA,NA,NA,NA,NA,NA,NA,NA,NA,NA,NA,NA,0,0,FALSE,NA,,,2540,2540,2022-07-25T11:54:00Z,NA,NA,173115989,9fa54e53-1abe-495b-a7a7-3aa9c939426a,2022-08-01T04:59:01Z,NA,NA,submitted_via_web,ec3307,NA,36
2022-07-25T11:57:06Z,2022-07-25T11:59:04Z,NA,Semizbugu survey,47.143338181666664 77.82582211166667 631.9400024414062 0.0,47.14333818,77.82582211,631.9400024,0,NA,Emily Coco,observed,1658750311137.jpg,https://kc.kobotoolbox.org/media/original?media_file=ec3307%2Fattachments%2F93c9a22ec65942c888b25e0a7876fee8%2Fd78b40f2-0275-4f03-a445-308bc57b42cb%2F1658750311137.jpg,1 meter radius circle,NA,NA,NA,NA,NA,NA,NA,NA,NA,NA,NA,NA,NA,NA,NA,NA,NA,NA,NA,NA,0,0,FALSE,NA,,,2541,2541,2022-07-25T11:57:00Z,NA,NA,173116002,d78b40f2-0275-4f03-a445-308bc57b42cb,2022-08-01T04:59:04Z,NA,NA,submitted_via_web,ec3307,NA,37
2022-07-25T11:59:41Z,2022-07-25T12:01:03Z,NA,Semizbugu survey,47.14342121666667 77.82575401166666 631.9580078125 0.0,47.14342122,77.82575401,631.9580078,0,NA,Emily Coco,observed,1658750444124.jpg,https://kc.kobotoolbox.org/media/original?media_file=ec3307%2Fattachments%2F93c9a22ec65942c888b25e0a7876fee8%2F2241be91-e22d-41f8-9d4c-e7a7b9d31b84%2F1658750444124.jpg,1 meter radius circle,NA,FALSE,NA,NA,NA,NA,NA,NA,NA,NA,NA,NA,NA,NA,NA,NA,NA,NA,NA,NA,0,0,FALSE,NA,,,2542,2542,2022-07-25T11:59:00Z,NA,NA,173116042,2241be91-e22d-41f8-9d4c-e7a7b9d31b84,2022-08-01T04:59:17Z,NA,NA,submitted_via_web,ec3307,NA,38
2022-07-25T12:01:22Z,2022-07-25T12:02:37Z,NA,Semizbugu survey,47.143500035 77.82569955166667 631.7559814453125 0.0,47.14350004,77.82569955,631.7559814,0,NA,Emily Coco,observed,1658750540404.jpg,https://kc.kobotoolbox.org/media/original?media_file=ec3307%2Fattachments%2F93c9a22ec65942c888b25e0a7876fee8%2F873fa1c9-73ab-45dc-8b9b-313a0a57f5da%2F1658750540404.jpg,1 meter radius circle,NA,NA,NA,NA,NA,NA,NA,NA,NA,NA,NA,NA,NA,NA,NA,NA,NA,NA,NA,NA,0,0,FALSE,NA,,,2543,2543,2022-07-25T12:01:00Z,NA,NA,173116078,873fa1c9-73ab-45dc-8b9b-313a0a57f5da,2022-08-01T04:59:48Z,NA,NA,submitted_via_web,ec3307,NA,39
2022-07-25T12:02:57Z,2022-07-25T12:04:09Z,NA,Semizbugu survey,47.14360168166667 77.825649075 631.6380004882812 0.0,47.14360168,77.82564908,631.6380005,0,NA,Emily Coco,observed,1658750634420.jpg,https://kc.kobotoolbox.org/media/original?media_file=ec3307%2Fattachments%2F93c9a22ec65942c888b25e0a7876fee8%2Fa686e7e6-50f4-4edb-8a67-94b89bd3839d%2F1658750634420.jpg,1 meter radius circle,NA,NA,NA,NA,NA,NA,NA,NA,NA,NA,NA,NA,NA,NA,NA,NA,NA,NA,NA,NA,0,0,FALSE,NA,,,2544,2544,2022-07-25T12:02:00Z,NA,NA,173116085,a686e7e6-50f4-4edb-8a67-94b89bd3839d,2022-08-01T04:59:53Z,NA,NA,submitted_via_web,ec3307,NA,40
2022-07-25T12:05:42Z,2022-07-25T12:07:52Z,NA,Semizbugu survey,47.143693075 77.82559563833334 632.3140258789062 0.0,47.14369308,77.82559564,632.3140259,0,NA,Emily Coco,observed,1658750798036.jpg,https://kc.kobotoolbox.org/media/original?media_file=ec3307%2Fattachments%2F93c9a22ec65942c888b25e0a7876fee8%2F835a08d5-e449-49df-9772-9eb6d472c857%2F1658750798036.jpg,1 meter radius circle,NA,FALSE,FALSE,FALSE,TRUE,NA,2,NA,NA,NA,NA,none,NA,NA,weakly_weathered,NA,NA,2,NA,2-weakly,2,17.28,FALSE,NA,,,2545,2545,2022-07-25T12:05:00Z,NA,NA,173116089,835a08d5-e449-49df-9772-9eb6d472c857,2022-08-01T04:59:58Z,NA,NA,submitted_via_web,ec3307,NA,41
2022-07-25T12:16:38Z,2022-07-25T12:20:39Z,NA,Semizbugu survey,47.14381281166666 77.82557876666667 636.9420166015625 0.0,47.14381281,77.82557877,636.9420166,0,NA,Emily Coco,observed,1658751542116.jpg,https://kc.kobotoolbox.org/media/original?media_file=ec3307%2Fattachments%2F93c9a22ec65942c888b25e0a7876fee8%2F2f25ca15-512a-44de-867f-ccf1f1324551%2F1658751542116.jpg,1 meter radius circle,NA,FALSE,FALSE,FALSE,TRUE,NA,2,NA,NA,NA,NA,none,NA,NA,strongly_weathered,2,NA,NA,NA,2-strongly,2,7.45,FALSE,NA,,,2546,2546,2022-07-25T12:16:00Z,NA,NA,173116103,2f25ca15-512a-44de-867f-ccf1f1324551,2022-08-01T05:00:04Z,NA,NA,submitted_via_web,ec3307,NA,42
2022-07-25T12:25:42Z,2022-07-25T12:29:10Z,NA,Semizbugu survey,47.143850713333336 77.82549624833334 632.4450073242188 0.0,47.14385071,77.82549625,632.4450073,0,NA,Emily Coco,observed,1658752036249.jpg,https://kc.kobotoolbox.org/media/original?media_file=ec3307%2Fattachments%2F93c9a22ec65942c888b25e0a7876fee8%2F81a95ab4-0846-4e33-938c-a5e7c84fa62f%2F1658752036249.jpg,1 meter radius circle,NA,FALSE,FALSE,FALSE,TRUE,NA,1,1,NA,NA,NA,none,NA,NA,other,1,NA,NA,NA,"1-strongly
1-mildly",2,4.68,FALSE,NA,,,2547,2547,2022-07-25T12:25:00Z,NA,NA,173116144,81a95ab4-0846-4e33-938c-a5e7c84fa62f,2022-08-01T05:00:13Z,NA,NA,submitted_via_web,ec3307,NA,43
2022-07-25T12:34:10Z,2022-07-25T12:38:17Z,NA,Semizbugu survey,47.143930596666664 77.82544332333333 632.6099853515625 0.0,47.1439306,77.82544332,632.6099854,0,NA,Emily Coco,observed,1658752533829.jpg,https://kc.kobotoolbox.org/media/original?media_file=ec3307%2Fattachments%2F93c9a22ec65942c888b25e0a7876fee8%2F3cadb326-56eb-45ac-aefb-a3dc44c55b82%2F1658752533829.jpg,1 meter radius circle,NA,FALSE,FALSE,FALSE,TRUE,NA,2,1,NA,NA,NA,double_patina,1-with less weathered retouch,1,other,2,NA,NA,NA,"2-strongly
1-weakly",3,11.6,NA,NA,2,,"2548
1-scraper/ notch
1- percoir",2548,2022-07-25T12:34:00Z,NA,NA,173116191,3cadb326-56eb-45ac-aefb-a3dc44c55b82,2022-08-01T05:00:27Z,NA,NA,submitted_via_web,ec3307,NA,44
2022-07-25T12:44:42Z,2022-07-25T12:48:35Z,NA,Semizbugu survey,47.14401613166667 77.82539273 632.8720092773438 0.0,47.14401613,77.82539273,632.8720093,0,NA,Emily Coco,observed,1658753152943.jpg,https://kc.kobotoolbox.org/media/original?media_file=ec3307%2Fattachments%2F93c9a22ec65942c888b25e0a7876fee8%2F7199f483-d9ed-4bda-90d7-1f880edc02be%2F1658753152943.jpg,1 meter radius circle,NA,FALSE,FALSE,FALSE,TRUE,3,2,1,NA,NA,NA,none,NA,NA,other,2,NA,NA,NA,"2-strongly
4-weakly",6,12.14,NA,NA,,,2549,2549,2022-07-25T12:44:00Z,NA,NA,173116200,7199f483-d9ed-4bda-90d7-1f880edc02be,2022-08-01T05:00:37Z,NA,NA,submitted_via_web,ec3307,NA,45
2022-07-25T12:49:24Z,2022-07-25T12:51:43Z,NA,Semizbugu survey,47.14410547333333 77.82535583666666 633.2960205078125 0.0,47.14410547,77.82535584,633.2960205,0,NA,Emily Coco,observed,1658753477563.jpg,https://kc.kobotoolbox.org/media/original?media_file=ec3307%2Fattachments%2F93c9a22ec65942c888b25e0a7876fee8%2Fd0936515-d874-4d33-84ba-84152e567581%2F1658753477563.jpg,1 meter radius circle,NA,FALSE,NA,NA,NA,NA,NA,NA,NA,NA,NA,NA,NA,NA,NA,NA,NA,NA,NA,NA,0,0,FALSE,NA,,,2550,2550,2022-07-25T12:49:00Z,NA,NA,173116229,d0936515-d874-4d33-84ba-84152e567581,2022-08-01T05:01:12Z,NA,NA,submitted_via_web,ec3307,NA,46
2022-07-25T12:52:03Z,2022-07-25T12:56:37Z,NA,Semizbugu survey,47.14419237333333 77.82531452833334 633.821044921875 0.0,47.14419237,77.82531453,633.8210449,0,NA,Emily Coco,observed,1658753658695.jpg,https://kc.kobotoolbox.org/media/original?media_file=ec3307%2Fattachments%2F93c9a22ec65942c888b25e0a7876fee8%2Fdacbb730-2e9c-4b49-8675-67c2119fb878%2F1658753658695.jpg,1 meter radius circle,NA,FALSE,FALSE,FALSE,TRUE,NA,4,NA,NA,NA,NA,double_patina,2- with retouch that is less weathered,2,other,NA,NA,2,NA,"2-weakly
2-mildly",4,68.17,NA,NA,2,,"2551
2- percoir",2551,2022-07-25T12:52:00Z,NA,NA,173116257,dacbb730-2e9c-4b49-8675-67c2119fb878,2022-08-01T05:01:27Z,NA,NA,submitted_via_web,ec3307,NA,47
2022-07-25T12:57:16Z,2022-07-25T13:03:03Z,NA,Semizbugu survey,47.14428673 77.82525911333333 634.6820068359375 0.0,47.14428673,77.82525911,634.6820068,0,NA,Emily Coco,observed,1658754009291.jpg,https://kc.kobotoolbox.org/media/original?media_file=ec3307%2Fattachments%2F93c9a22ec65942c888b25e0a7876fee8%2F6e51c6b3-6f55-4095-bc91-0785e688fb6a%2F1658754009291.jpg,1 meter radius circle,NA,FALSE,FALSE,FALSE,TRUE,2,1,NA,NA,NA,NA,none,NA,NA,other,NA,1,NA,NA,"1-mildly
2-weakly",3,154.32,FALSE,NA,,1,"2552
1 - core",2552,2022-07-25T12:57:00Z,NA,NA,173116273,6e51c6b3-6f55-4095-bc91-0785e688fb6a,2022-08-01T05:01:40Z,NA,NA,submitted_via_web,ec3307,NA,48
2022-07-25T13:03:28Z,2022-07-25T13:12:11Z,NA,Semizbugu survey,47.14437367666667 77.82520845 635.6680297851562 0.0,47.14437368,77.82520845,635.6680298,0,NA,Emily Coco,observed,1658754493440.jpg,https://kc.kobotoolbox.org/media/original?media_file=ec3307%2Fattachments%2F93c9a22ec65942c888b25e0a7876fee8%2Fdbf12367-59b6-490f-9524-00a1761902c8%2F1658754493440.jpg,1 meter radius circle,NA,FALSE,FALSE,FALSE,TRUE,4,3,1,NA,NA,NA,none,NA,NA,other,1,NA,NA,NA,"1- strongly
3-mildly
4-weakly",8,209.53,FALSE,NA,,1,"2553
1-core fragment",2553,2022-07-25T13:03:00Z,NA,NA,173116282,dbf12367-59b6-490f-9524-00a1761902c8,2022-08-01T05:01:49Z,NA,NA,submitted_via_web,ec3307,NA,49
2022-07-26T00:47:13Z,2022-07-26T00:48:53Z,NA,Semizbugu survey,47.14459701166667 77.82559082666667 639.9520263671875 0.0,47.14459701,77.82559083,639.9520264,0,NA,Emily Coco,observed,1658796510974.jpg,https://kc.kobotoolbox.org/media/original?media_file=ec3307%2Fattachments%2F93c9a22ec65942c888b25e0a7876fee8%2F86ccd85c-1c44-4aa7-aa7a-ded64f1e0f67%2F1658796510974.jpg,1 meter radius circle,NA,NA,NA,NA,NA,NA,NA,NA,NA,NA,NA,NA,NA,NA,NA,NA,NA,NA,NA,NA,0,0,NA,NA,,,2554,2554,2022-07-26T00:47:00Z,NA,NA,173116288,86ccd85c-1c44-4aa7-aa7a-ded64f1e0f67,2022-08-01T05:01:53Z,NA,NA,submitted_via_web,ec3307,NA,50
2022-07-26T00:54:19Z,2022-07-26T00:56:15Z,NA,Semizbugu survey,47.144521768333334 77.82586393833333 638.64404296875 0.0,47.14452177,77.82586394,638.644043,0,NA,Emily Coco,observed,1658796951909.jpg,https://kc.kobotoolbox.org/media/original?media_file=ec3307%2Fattachments%2F93c9a22ec65942c888b25e0a7876fee8%2F84b3e805-ccd2-4933-ace1-f6bc3583466f%2F1658796951909.jpg,1 meter radius circle,NA,NA,NA,NA,NA,NA,NA,NA,NA,NA,NA,NA,NA,NA,NA,NA,NA,NA,NA,NA,0,0,NA,NA,,,2555,2555,2022-07-26T00:54:00Z,NA,NA,173116293,84b3e805-ccd2-4933-ace1-f6bc3583466f,2022-08-01T05:01:58Z,NA,NA,submitted_via_web,ec3307,NA,51
2022-07-26T01:03:41Z,2022-07-26T01:08:05Z,NA,Semizbugu survey,47.144461848333336 77.82616654833333 635.7610473632812 0.0,47.14446185,77.82616655,635.7610474,0,NA,Emily Coco,observed,1658797516315.jpg,https://kc.kobotoolbox.org/media/original?media_file=ec3307%2Fattachments%2F93c9a22ec65942c888b25e0a7876fee8%2F28b5f683-2b96-4615-b4ea-21dba5d5ded9%2F1658797516315.jpg,1 meter radius circle,NA,FALSE,FALSE,FALSE,TRUE,1,4,NA,NA,NA,NA,double_patina,1-with less weathered retouch,1,weakly_weathered,NA,NA,5,NA,5-weakly,5,67.45,FALSE,NA,2,,"2556
2-scrapers",2556,2022-07-26T01:03:00Z,NA,NA,173116297,28b5f683-2b96-4615-b4ea-21dba5d5ded9,2022-08-01T05:02:01Z,NA,NA,submitted_via_web,ec3307,NA,52
2022-07-26T01:14:59Z,2022-07-26T01:20:50Z,NA,Semizbugu survey,47.14438352333333 77.82645747666666 634.7610473632812 0.0,47.14438352,77.82645748,634.7610474,0,NA,Emily Coco,observed,1658798187837.jpg,https://kc.kobotoolbox.org/media/original?media_file=ec3307%2Fattachments%2F93c9a22ec65942c888b25e0a7876fee8%2Fc334691f-e492-4dc7-943c-60c47d5a4869%2F1658798187837.jpg,1 meter radius circle,NA,FALSE,FALSE,FALSE,TRUE,5,2,NA,NA,NA,NA,double_patina,3- with less weathered retouch,3,weakly_weathered,NA,NA,6,NA,6- weakly,6,353.93,FALSE,NA,2,,"2557
2-scrapers",2557,2022-07-26T01:14:00Z,NA,NA,173116300,c334691f-e492-4dc7-943c-60c47d5a4869,2022-08-01T05:02:05Z,NA,NA,submitted_via_web,ec3307,NA,53
2022-07-26T01:22:29Z,2022-07-26T01:30:37Z,NA,Semizbugu survey,47.14433854166667 77.82657042833333 632.2669677734375 0.0,47.14433854,77.82657043,632.2669678,0,NA,Emily Coco,observed,1658798601541.jpg,https://kc.kobotoolbox.org/media/original?media_file=ec3307%2Fattachments%2F93c9a22ec65942c888b25e0a7876fee8%2F8727dbba-bc66-40ca-bb82-635f3cb9ff1f%2F1658798601541.jpg,"large concentration of large, weakly weathered artifacts near multiple cores; area is probably 50 cm x 50cm. some strongly weathered arfitacts also present-",NA,NA,NA,NA,NA,NA,NA,NA,NA,NA,NA,double_patina,multiple artifacts with less weathered retouch,NA,other,NA,NA,NA,NA,"all stages of weathering, but mostly weakly",85,NA,FALSE,NA,,,"2558 (use this point) 
Count estimated, but definitely more than 80
Scattered artifacts to the northof the concentration as well",2558,2022-07-26T01:22:00Z,NA,NA,173116303,8727dbba-bc66-40ca-bb82-635f3cb9ff1f,2022-08-01T05:02:08Z,NA,NA,submitted_via_web,ec3307,NA,54
2022-07-26T01:32:54Z,2022-07-26T01:36:52Z,NA,Semizbugu survey,47.144318555 77.82676547666667 634.60400390625 0.0,47.14431856,77.82676548,634.6040039,0,NA,Emily Coco,observed,1658799266466.jpg,https://kc.kobotoolbox.org/media/original?media_file=ec3307%2Fattachments%2F93c9a22ec65942c888b25e0a7876fee8%2F6dc71826-ac85-4739-9fd3-f48c8af76c58%2F1658799266466.jpg,1 meter radius Circle,NA,FALSE,FALSE,FALSE,TRUE,1,3,NA,NA,NA,NA,none,NA,NA,other,NA,3,NA,NA,"3-mildly
1- weakly",4,422.38,FALSE,NA,,1,"2559
1-core",2559,2022-07-26T01:32:00Z,NA,NA,173116308,6dc71826-ac85-4739-9fd3-f48c8af76c58,2022-08-01T05:02:13Z,NA,NA,submitted_via_web,ec3307,NA,55
2022-07-26T01:38:16Z,2022-07-26T01:48:47Z,NA,Semizbugu survey,47.14422865 77.82705835666667 634.580078125 0.0,47.14422865,77.82705836,634.5800781,0,NA,Emily Coco,observed,1658799723999.jpg,https://kc.kobotoolbox.org/media/original?media_file=ec3307%2Fattachments%2F93c9a22ec65942c888b25e0a7876fee8%2F8f365f41-2d17-46d8-9aba-df3f93ead8d8%2F1658799723999.jpg,1 meter radius circle,NA,FALSE,FALSE,FALSE,TRUE,6,6,NA,NA,NA,NA,double_patina,2-with less weathered retouch,2,other,2,NA,NA,NA,"2-strongly
5-mildly
5-weakly",12,815.17,FALSE,NA,2,1,"2560
1 - core 
2-scrapers",2560,2022-07-26T01:38:00Z,NA,NA,173116309,8f365f41-2d17-46d8-9aba-df3f93ead8d8,2022-08-01T05:02:17Z,NA,NA,submitted_via_web,ec3307,NA,56
2022-07-26T01:49:44Z,2022-07-26T01:53:36Z,NA,Semizbugu survey,47.14415706166667 77.82735209166667 634.64599609375 0.0,47.14415706,77.82735209,634.6459961,0,NA,Emily Coco,observed,1658800340998.jpg,https://kc.kobotoolbox.org/media/original?media_file=ec3307%2Fattachments%2F93c9a22ec65942c888b25e0a7876fee8%2Fe82db508-e5f3-49fb-bcc4-4de6ed7c8d5a%2F1658800340998.jpg,1 meter radius circle,NA,FALSE,FALSE,FALSE,TRUE,1,2,NA,NA,NA,NA,none,NA,NA,strongly_weathered,3,NA,NA,NA,3-strongly,3,39.83,FALSE,NA,,,2561,2561,2022-07-26T01:50:00Z,NA,NA,173116312,e82db508-e5f3-49fb-bcc4-4de6ed7c8d5a,2022-08-01T05:02:21Z,NA,NA,submitted_via_web,ec3307,NA,57
2022-07-26T01:54:48Z,2022-07-26T02:00:45Z,NA,Semizbugu survey,47.14407464333333 77.82764654166667 634.7570190429688 0.0,47.14407464,77.82764654,634.757019,0,NA,Emily Coco,observed,1658800687158.jpg,https://kc.kobotoolbox.org/media/original?media_file=ec3307%2Fattachments%2F93c9a22ec65942c888b25e0a7876fee8%2F23d9cf8e-f35d-48a7-94b4-3f988bfc0ec3%2F1658800687158.jpg,1 meter radius circle,NA,FALSE,FALSE,FALSE,TRUE,2,3,NA,NA,NA,NA,double_patina,3-with less weathered retouch,3,other,3,NA,NA,NA,"3- strongly
2-mildly",5,140.63,FALSE,NA,3,,"2562
2-scrapers
1-notch",2562,2022-07-26T01:55:00Z,NA,NA,173116314,23d9cf8e-f35d-48a7-94b4-3f988bfc0ec3,2022-08-01T05:02:24Z,NA,NA,submitted_via_web,ec3307,NA,58
2022-07-26T02:02:49Z,2022-07-26T02:05:48Z,NA,Semizbugu survey,47.14399546 77.82794492333333 635.0449829101562 0.0,47.14399546,77.82794492,635.0449829,0,NA,Emily Coco,observed,1658801041834.jpg,https://kc.kobotoolbox.org/media/original?media_file=ec3307%2Fattachments%2F93c9a22ec65942c888b25e0a7876fee8%2F62eac3f5-8b2f-4d90-b52e-2a83dc3dc3a9%2F1658801041834.jpg,1 meter radius circle -,NA,FALSE,FALSE,FALSE,TRUE,1,1,NA,NA,NA,NA,double_patina,1- with less Weathered retouch,1,other,NA,NA,1,NA,"1- weakly
1-mildly",2,36.28,NA,NA,,,2563,2563,2022-07-26T02:03:00Z,NA,NA,173116318,62eac3f5-8b2f-4d90-b52e-2a83dc3dc3a9,2022-08-01T05:02:28Z,NA,NA,submitted_via_web,ec3307,NA,59
2022-07-26T02:19:15Z,2022-07-26T02:21:35Z,NA,Semizbugu survey,47.143926756666666 77.82825603666667 635.3880615234375 0.0,47.14392676,77.82825604,635.3880615,0,NA,Emily Coco,observed,1658802002824.jpg,https://kc.kobotoolbox.org/media/original?media_file=ec3307%2Fattachments%2F93c9a22ec65942c888b25e0a7876fee8%2F3f27b9c2-4e9d-4bf5-b920-dd8790a8f5f1%2F1658802002824.jpg,1 meter radius circle,NA,FALSE,FALSE,FALSE,TRUE,NA,1,NA,NA,NA,NA,double_patina,1- retouch is less weathered,1,mildly_weathered,NA,1,,NA,1-mildly,1,4.76,NA,NA,1,,"2564
1-denticulate",2564,2022-07-26T02:19:00Z,NA,NA,173116323,3f27b9c2-4e9d-4bf5-b920-dd8790a8f5f1,2022-08-01T05:02:34Z,NA,NA,submitted_via_web,ec3307,NA,60
2022-07-26T02:24:27Z,2022-07-26T02:26:57Z,NA,Semizbugu survey,47.14384888833333 77.82856698166667 635.5020141601562 0.0,47.14384889,77.82856698,635.5020142,0,NA,Emily Coco,observed,1658802348999.jpg,https://kc.kobotoolbox.org/media/original?media_file=ec3307%2Fattachments%2F93c9a22ec65942c888b25e0a7876fee8%2Fa89d6888-e04e-4817-988f-215c40c30779%2F1658802348999.jpg,1 meter radius circle,NA,FALSE,FALSE,FALSE,TRUE,1,NA,NA,NA,NA,NA,none,NA,NA,not_weathered,NA,NA,NA,NA,NA,1,2.36,NA,NA,,,2565,2565,2022-07-26T02:24:00Z,NA,NA,173116326,a89d6888-e04e-4817-988f-215c40c30779,2022-08-01T05:02:37Z,NA,NA,submitted_via_web,ec3307,NA,61
2022-07-26T02:28:21Z,2022-07-26T02:30:06Z,NA,Semizbugu survey,47.143768298333335 77.82880924666667 636.0280151367188 0.0,47.1437683,77.82880925,636.0280151,0,NA,Emily Coco,observed,1658802579636.jpg,https://kc.kobotoolbox.org/media/original?media_file=ec3307%2Fattachments%2F93c9a22ec65942c888b25e0a7876fee8%2F045e8de4-2ecc-4eff-a7b7-22a427cbfde3%2F1658802579636.jpg,1 meter radius circle,NA,NA,NA,NA,NA,NA,NA,NA,NA,NA,NA,NA,NA,NA,other,NA,NA,NA,NA,no artifacts,0,0,FALSE,NA,,,2566,2566,2022-07-26T02:28:00Z,NA,NA,173116327,045e8de4-2ecc-4eff-a7b7-22a427cbfde3,2022-08-01T05:02:39Z,NA,NA,submitted_via_web,ec3307,NA,62
2022-07-26T02:30:41Z,2022-07-26T02:32:04Z,NA,Semizbugu survey,47.14367399 77.82912109833333 636.031005859375 0.0,47.14367399,77.8291211,636.0310059,0,NA,Emily Coco,observed,1658802707057.jpg,https://kc.kobotoolbox.org/media/original?media_file=ec3307%2Fattachments%2F93c9a22ec65942c888b25e0a7876fee8%2F22943522-debc-4779-b6ca-ee987460c5af%2F1658802707057.jpg,1 meter radius circle,NA,NA,NA,NA,NA,NA,NA,NA,NA,NA,NA,NA,NA,NA,NA,NA,NA,NA,NA,NA,0,0,NA,NA,,,2567,2567,2022-07-26T02:30:00Z,NA,NA,173116330,22943522-debc-4779-b6ca-ee987460c5af,2022-08-01T05:02:42Z,NA,NA,submitted_via_web,ec3307,NA,63
2022-07-26T02:32:37Z,2022-07-26T02:33:47Z,NA,Semizbugu survey,47.14359212666667 77.82944668166667 636.5289916992188 0.0,47.14359213,77.82944668,636.5289917,0,NA,Emily Coco,observed,1658802811339.jpg,https://kc.kobotoolbox.org/media/original?media_file=ec3307%2Fattachments%2F93c9a22ec65942c888b25e0a7876fee8%2Fbb04aa6f-a073-4dc9-9c2a-e464218d798a%2F1658802811339.jpg,1 meter radius circle,NA,NA,NA,NA,NA,NA,NA,NA,NA,NA,NA,NA,NA,NA,NA,NA,NA,NA,NA,NA,0,0,FALSE,NA,,,2568,2568,2022-07-26T02:32:00Z,NA,NA,173116333,bb04aa6f-a073-4dc9-9c2a-e464218d798a,2022-08-01T05:02:44Z,NA,NA,submitted_via_web,ec3307,NA,64
2022-07-26T02:34:14Z,2022-07-26T02:35:38Z,NA,Semizbugu survey,47.14351759666667 77.82978692333333 637.498046875 0.0,47.1435176,77.82978692,637.4980469,0,NA,Emily Coco,observed,1658802922458.jpg,https://kc.kobotoolbox.org/media/original?media_file=ec3307%2Fattachments%2F93c9a22ec65942c888b25e0a7876fee8%2F8e3e0087-c5de-4041-afcd-a8eb237bd2e7%2F1658802922458.jpg,1 meter radius circle,NA,NA,NA,NA,NA,NA,NA,NA,NA,NA,NA,NA,NA,NA,NA,NA,NA,NA,NA,NA,0,0,FALSE,NA,,,2569,2569,2022-07-26T02:34:00Z,NA,NA,173116339,8e3e0087-c5de-4041-afcd-a8eb237bd2e7,2022-08-01T05:02:47Z,NA,NA,submitted_via_web,ec3307,NA,65
2022-07-26T02:36:06Z,2022-07-26T02:37:14Z,NA,Semizbugu survey,47.14343286 77.83011208 639.7210083007812 0.0,47.14343286,77.83011208,639.7210083,0,NA,Emily Coco,observed,1658803022580.jpg,https://kc.kobotoolbox.org/media/original?media_file=ec3307%2Fattachments%2F93c9a22ec65942c888b25e0a7876fee8%2Ffafb507b-8a8e-47c1-8a74-3c7d2c7fbce9%2F1658803022580.jpg,1 meter radius circle,NA,NA,NA,NA,NA,NA,NA,NA,NA,NA,NA,NA,NA,NA,NA,NA,NA,NA,NA,NA,0,0,FALSE,NA,,,2570,2570,2022-07-26T02:36:00Z,NA,NA,173116343,fafb507b-8a8e-47c1-8a74-3c7d2c7fbce9,2022-08-01T05:02:50Z,NA,NA,submitted_via_web,ec3307,NA,66
2022-07-26T02:37:43Z,2022-07-26T02:38:50Z,NA,Semizbugu survey,47.14334531833333 77.83044557666666 641.5210571289062 0.0,47.14334532,77.83044558,641.5210571,0,NA,Emily Coco,observed,1658803120101.jpg,https://kc.kobotoolbox.org/media/original?media_file=ec3307%2Fattachments%2F93c9a22ec65942c888b25e0a7876fee8%2F3a69a8d6-776e-4ad2-9cb9-e16b9fe58878%2F1658803120101.jpg,1 meter radius circle,NA,NA,NA,NA,NA,NA,NA,NA,NA,NA,NA,NA,NA,NA,NA,NA,NA,NA,NA,NA,0,0,NA,NA,,,2571,2571,2022-07-26T02:37:00Z,NA,NA,173116348,3a69a8d6-776e-4ad2-9cb9-e16b9fe58878,2022-08-01T05:02:56Z,NA,NA,submitted_via_web,ec3307,NA,67
2022-07-26T02:39:18Z,2022-07-26T02:40:35Z,NA,Semizbuga survey,47.14326693666667 77.83077391666667 641.3500366210938 0.0,47.14326694,77.83077392,641.3500366,0,NA,Emily Coco,observed,1658803216875.jpg,https://kc.kobotoolbox.org/media/original?media_file=ec3307%2Fattachments%2F93c9a22ec65942c888b25e0a7876fee8%2F3ef200c8-1baf-410a-9b8e-778acad5321d%2F1658803216875.jpg,1 meter radius circle,NA,NA,NA,NA,NA,NA,NA,NA,NA,NA,NA,NA,NA,NA,NA,NA,NA,NA,NA,NA,0,0,NA,NA,,,2572,2572,2022-07-26T02:39:00Z,NA,NA,173116353,3ef200c8-1baf-410a-9b8e-778acad5321d,2022-08-01T05:03:02Z,NA,NA,submitted_via_web,ec3307,NA,68
2022-07-26T02:48:52Z,2022-07-26T02:52:14Z,NA,Semizbugu survey,47.143180038333334 77.83108924166666 641.5120239257812 0.0,47.14318004,77.83108924,641.5120239,0,NA,Emily Coco,observed,1658803923706.jpg,https://kc.kobotoolbox.org/media/original?media_file=ec3307%2Fattachments%2F93c9a22ec65942c888b25e0a7876fee8%2Fce3a8e82-e948-45f8-84a7-18ea72cea5b6%2F1658803923706.jpg,1 meter radius circle,NA,NA,NA,NA,NA,NA,NA,NA,NA,NA,NA,NA,NA,NA,NA,NA,NA,NA,NA,NA,0,0,NA,NA,,,2573,2573,2022-07-26T02:48:00Z,NA,NA,173116359,ce3a8e82-e948-45f8-84a7-18ea72cea5b6,2022-08-01T05:03:08Z,NA,NA,submitted_via_web,ec3307,NA,69
2022-07-26T02:54:27Z,2022-07-26T02:56:21Z,NA,Semizbugu survey,47.143098693333336 77.83142737166666 643.8040161132812 0.0,47.14309869,77.83142737,643.8040161,0,NA,Emily Coco,observed,1658804163698.jpg,https://kc.kobotoolbox.org/media/original?media_file=ec3307%2Fattachments%2F93c9a22ec65942c888b25e0a7876fee8%2F4eb71c92-8a46-4bb3-bcb1-c5a11f44e8fb%2F1658804163698.jpg,1 meter radius circle,NA,NA,NA,NA,NA,NA,NA,NA,NA,NA,NA,NA,NA,NA,NA,NA,NA,NA,NA,NA,0,0,FALSE,NA,,,2574,2574,2022-07-26T02:54:00Z,NA,NA,173116365,4eb71c92-8a46-4bb3-bcb1-c5a11f44e8fb,2022-08-01T05:03:12Z,NA,NA,submitted_via_web,ec3307,NA,70
2022-07-26T03:00:12Z,2022-07-26T03:01:51Z,NA,Semizbugu survey,47.143018606666665 77.83175150833333 645.8650512695312 0.0,47.14301861,77.83175151,645.8650513,0,NA,Emily Coco,observed,1658804462692.jpg,https://kc.kobotoolbox.org/media/original?media_file=ec3307%2Fattachments%2F93c9a22ec65942c888b25e0a7876fee8%2F659a64ed-64d2-4de2-b660-3f247ec9f25b%2F1658804462692.jpg,1 meter radius circle,NA,NA,NA,NA,NA,NA,NA,NA,NA,NA,NA,NA,NA,NA,NA,NA,NA,NA,NA,NA,0,0,FALSE,NA,,,"2575
some heavily weatherrd small cobbles of the more fine grained material",2575,2022-07-26T03:00:00Z,NA,NA,173116372,659a64ed-64d2-4de2-b660-3f247ec9f25b,2022-08-01T05:03:16Z,NA,NA,submitted_via_web,ec3307,NA,71
2022-07-26T03:06:00Z,2022-07-26T03:08:31Z,NA,Semizbugu survey,47.14291456666667 77.83205874166667 646.9450073242188 0.0,47.14291457,77.83205874,646.9450073,0,NA,Emily Coco,observed,1658804833958.jpg,https://kc.kobotoolbox.org/media/original?media_file=ec3307%2Fattachments%2F93c9a22ec65942c888b25e0a7876fee8%2F5df1a120-b968-4600-822b-4d6626968270%2F1658804833958.jpg,1 meter radius circle,NA,FALSE,FALSE,FALSE,TRUE,0,1,NA,NA,NA,NA,none,NA,NA,strongly_weathered,1,NA,NA,NA,1-strongly,1,3.21,FALSE,NA,,,2576,2576,2022-07-26T03:06:00Z,NA,NA,173116377,5df1a120-b968-4600-822b-4d6626968270,2022-08-01T05:03:19Z,NA,NA,submitted_via_web,ec3307,NA,72
2022-07-26T03:09:14Z,2022-07-26T03:10:46Z,NA,Semizbugu survey,47.14283317833333 77.83236595833333 649.9299926757812 0.0,47.14283318,77.83236596,649.9299927,0,NA,Emily Coco,observed,1658805019152.jpg,https://kc.kobotoolbox.org/media/original?media_file=ec3307%2Fattachments%2F93c9a22ec65942c888b25e0a7876fee8%2Fd5a18b6d-a7a1-42e8-8e8a-a3ec58bd9527%2F1658805019152.jpg,I meter radius circle,NA,NA,NA,NA,NA,NA,NA,NA,NA,NA,NA,NA,NA,NA,NA,NA,NA,NA,NA,NA,0,0,FALSE,NA,,,2577,2577,2022-07-26T03:09:00Z,NA,NA,173116382,d5a18b6d-a7a1-42e8-8e8a-a3ec58bd9527,2022-08-01T05:03:22Z,NA,NA,submitted_via_web,ec3307,NA,73
2022-07-26T03:11:45Z,2022-07-26T03:13:14Z,NA,Semizbugu survey,47.142739891666665 77.83268036833333 651.511962890625 0.0,47.14273989,77.83268037,651.5119629,0,NA,Emily Coco,observed,1658805164294.jpg,https://kc.kobotoolbox.org/media/original?media_file=ec3307%2Fattachments%2F93c9a22ec65942c888b25e0a7876fee8%2Fadd273c1-7215-4851-a983-2134c6e9006a%2F1658805164294.jpg,1 meter radius circle,NA,NA,NA,NA,NA,NA,NA,NA,NA,NA,NA,NA,NA,NA,NA,NA,NA,NA,NA,NA,0,0,FALSE,NA,,,2578,2578,2022-07-26T03:11:00Z,NA,NA,173116385,add273c1-7215-4851-a983-2134c6e9006a,2022-08-01T05:03:25Z,NA,NA,submitted_via_web,ec3307,NA,74
2022-07-26T03:13:33Z,2022-07-26T03:16:43Z,NA,Semizbugu survey,47.14266464666667 77.83296827666666 651.9390258789062 0.0,47.14266465,77.83296828,651.9390259,0,NA,Emily Coco,observed,1658805334102.jpg,https://kc.kobotoolbox.org/media/original?media_file=ec3307%2Fattachments%2F93c9a22ec65942c888b25e0a7876fee8%2F9cb12b4b-8760-4db3-9a3f-7143f7fea49e%2F1658805334102.jpg,1 meter radius circle,NA,FALSE,FALSE,FALSE,TRUE,NA,1,NA,NA,NA,NA,none,NA,NA,strongly_weathered,1,NA,NA,NA,1-strongly,1,34.91,FALSE,NA,,,2579,2579,2022-07-26T03:13:00Z,NA,NA,173116390,9cb12b4b-8760-4db3-9a3f-7143f7fea49e,2022-08-01T05:03:27Z,NA,NA,submitted_via_web,ec3307,NA,75
2022-07-26T03:17:38Z,2022-07-26T03:19:05Z,NA,Semizbugu survey,47.142583605 77.83328497666666 653.239013671875 0.0,47.14258361,77.83328498,653.2390137,0,NA,Emily Coco,observed,1658805528952.jpg,https://kc.kobotoolbox.org/media/original?media_file=ec3307%2Fattachments%2F93c9a22ec65942c888b25e0a7876fee8%2Fb2e0a535-40dd-4fa3-b500-ec85ec6f6204%2F1658805528952.jpg,1 meter radius circle,NA,NA,NA,NA,NA,NA,NA,NA,NA,NA,NA,NA,NA,NA,NA,NA,NA,NA,NA,NA,0,0,FALSE,NA,,,2580,2580,2022-07-26T03:17:00Z,NA,NA,173116394,b2e0a535-40dd-4fa3-b500-ec85ec6f6204,2022-08-01T05:03:30Z,NA,NA,submitted_via_web,ec3307,NA,76
2022-07-26T03:19:45Z,2022-07-26T03:23:56Z,NA,Semizbugu survey,47.14249351833333 77.83358845 654.4910278320312 0.0,47.14249352,77.83358845,654.4910278,0,NA,Emily Coco,observed,1658805723254.jpg,https://kc.kobotoolbox.org/media/original?media_file=ec3307%2Fattachments%2F93c9a22ec65942c888b25e0a7876fee8%2F70784a69-9b3e-471c-953b-3696ef3ea03a%2F1658805723254.jpg,1 meter radius circle,NA,FALSE,FALSE,FALSE,TRUE,NA,3,NA,NA,NA,NA,double_patina,3-with less weathered retouch,3,strongly_weathered,3,NA,NA,NA,3-strongly,3,114.35,NA,NA,1,,"2581

1-denticulate",2581,2022-07-26T03:19:00Z,NA,NA,173116399,70784a69-9b3e-471c-953b-3696ef3ea03a,2022-08-01T05:03:32Z,NA,NA,submitted_via_web,ec3307,NA,77
2022-07-26T03:54:17Z,2022-07-26T03:59:03Z,NA,Semizbugu survey,47.14241912333333 77.83389434666667 656.237060546875 0.0,47.14241912,77.83389435,656.2370605,0,NA,Emily Coco,observed,1658807753107.jpg,https://kc.kobotoolbox.org/media/original?media_file=ec3307%2Fattachments%2F93c9a22ec65942c888b25e0a7876fee8%2F50d53fd8-17c4-49a9-a1d5-8452446c7f3d%2F1658807753107.jpg,1 meter radius circle,NA,FALSE,FALSE,FALSE,TRUE,1,4,NA,NA,NA,NA,none,NA,NA,mildly_weathered,NA,5,NA,NA,5-mildly,5,47.45,FALSE,NA,2,,"2582
1 - Notch
1 - denticulate",2582,2022-07-26T03:54:00Z,NA,NA,173116403,50d53fd8-17c4-49a9-a1d5-8452446c7f3d,2022-08-01T05:03:34Z,NA,NA,submitted_via_web,ec3307,NA,78
2022-07-26T04:06:02Z,2022-07-26T04:10:45Z,NA,Semizbugu survey,47.14234724833333 77.83419882 658.7860107421875 0.0,47.14234725,77.83419882,658.7860107,0,NA,Emily Coco,observed,1658808457422.jpg,https://kc.kobotoolbox.org/media/original?media_file=ec3307%2Fattachments%2F93c9a22ec65942c888b25e0a7876fee8%2F07e0e999-0656-4a72-9fdf-dbb41708b09d%2F1658808457422.jpg,1 meter radius,NA,FALSE,FALSE,FALSE,TRUE,2,3,NA,NA,NA,NA,double_patina,2-with less weathered retouch,2,mildly_weathered,NA,5,NA,NA,5-mildly,5,68.07,FALSE,NA,3,,"2583
1-notch
1-scraper
1 -denticuIate",2583,2022-07-26T04:06:00Z,NA,NA,173116407,07e0e999-0656-4a72-9fdf-dbb41708b09d,2022-08-01T05:03:37Z,NA,NA,submitted_via_web,ec3307,NA,79
2022-07-26T04:12:16Z,2022-07-26T04:16:38Z,NA,Semizbugu survey,47.14226780166667 77.834506875 661.6209716796875 0.0,47.1422678,77.83450688,661.6209717,0,NA,Emily Coco,observed,1658808891760.jpg,https://kc.kobotoolbox.org/media/original?media_file=ec3307%2Fattachments%2F93c9a22ec65942c888b25e0a7876fee8%2F16644ed5-1817-450d-9178-a1b2f0ac159d%2F1658808891760.jpg,1 meter radius circle,NA,FALSE,FALSE,FALSE,TRUE,1,1,NA,NA,NA,NA,double_patina,1-less weathered retouch,1,other,1,NA,NA,NA,"1-strongly
1-mildly",2,24.05,FALSE,NA,1,,"2584
1-scraper",2584,2022-07-26T04:12:00Z,NA,NA,173116411,16644ed5-1817-450d-9178-a1b2f0ac159d,2022-08-01T05:03:40Z,NA,NA,submitted_via_web,ec3307,NA,80
2022-07-26T04:17:31Z,2022-07-26T04:20:33Z,NA,Semizbugu survey,47.14217904666667 77.83482347666667 664.2919921875 0.0,47.14217905,77.83482348,664.2919922,0,NA,Emily Coco,observed,1658809147825.jpg,https://kc.kobotoolbox.org/media/original?media_file=ec3307%2Fattachments%2F93c9a22ec65942c888b25e0a7876fee8%2F1567575d-b513-4c19-b156-81ba41d3e1ea%2F1658809147825.jpg,1 meter radius circle,NA,FALSE,FALSE,FALSE,TRUE,1,1,NA,NA,NA,NA,none,NA,NA,mildly_weathered,NA,2,NA,NA,2-mildly,2,38.62,FALSE,NA,,,2585,2585,2022-07-26T04:17:00Z,NA,NA,173116416,1567575d-b513-4c19-b156-81ba41d3e1ea,2022-08-01T05:03:43Z,NA,NA,submitted_via_web,ec3307,NA,81
2022-07-26T04:21:21Z,2022-07-26T04:30:22Z,NA,Semizbugu survey,47.142066203333336 77.83511024833334 666.9110107421875 0.0,47.1420662,77.83511025,666.9110107,0,NA,Emily Coco,observed,1658809500044.jpg,https://kc.kobotoolbox.org/media/original?media_file=ec3307%2Fattachments%2F93c9a22ec65942c888b25e0a7876fee8%2F73cfb8d1-07fc-4f83-b054-f3b036e1d2b2%2F1658809500044.jpg,1 meter radius circle,NA,FALSE,FALSE,FALSE,TRUE,4,7,NA,NA,NA,NA,double_patina,2- with less weathered retouch,2,other,NA,NA,3,NA,"3-weakly 
6-mildly
2-strongly",11,211.84,FALSE,NA,2,1,"2586
1-core
2-scrapers",2586,2022-07-26T04:21:00Z,NA,NA,173116422,73cfb8d1-07fc-4f83-b054-f3b036e1d2b2,2022-08-01T05:03:45Z,NA,NA,submitted_via_web,ec3307,NA,82